{
  "name": "blazebosses",
  "description": "we are the epic blaze army",
  "createdAtMillis": 1377793812156,
  "home": {
    "w": "revengeofthelords",
    "lx": -392.87947885739436,
    "ly": 78.0,
    "lz": 449.27393442838064,
    "p": 31.502157,
    "y": -271.8641
  }
}